country,all_connected_pct,male_connected_pct,female_connected_pct,all_lonely_pct,male_lonely_pct,female_lonely_pct,gender_gap_lonely,year,source,source_url
Afghanistan,62,75,50,50,44,55,11,2022-2023,Meta-Gallup Global State of Social Connections,https://www.gallup.com/analytics/509675/state-of-social-connections.aspx#ite-513272
Albania,85,83,87,26,23,28,5,2022-2023,Meta-Gallup Global State of Social Connections,https://www.gallup.com/analytics/509675/state-of-social-connections.aspx#ite-513272
Algeria,71,67,75,35,34,35,1,2022-2023,Meta-Gallup Global State of Social Connections,https://www.gallup.com/analytics/509675/state-of-social-connections.aspx#ite-513272
Argentina,75,73,77,28,27,28,1,2022-2023,Meta-Gallup Global State of Social Connections,https://www.gallup.com/analytics/509675/state-of-social-connections.aspx#ite-513272
Armenia,73,73,73,12,10,13,3,2022-2023,Meta-Gallup Global State of Social Connections,https://www.gallup.com/analytics/509675/state-of-social-connections.aspx#ite-513272
Australia,83,77,89,10,13,7,-6,2022-2023,Meta-Gallup Global State of Social Connections,https://www.gallup.com/analytics/509675/state-of-social-connections.aspx#ite-513272
Austria,89,87,89,14,15,13,-2,2022-2023,Meta-Gallup Global State of Social Connections,https://www.gallup.com/analytics/509675/state-of-social-connections.aspx#ite-513272
Azerbaijan,57,57,57,18,14,22,8,2022-2023,Meta-Gallup Global State of Social Connections,https://www.gallup.com/analytics/509675/state-of-social-connections.aspx#ite-513272
Bangladesh,86,89,84,39,37,40,3,2022-2023,Meta-Gallup Global State of Social Connections,https://www.gallup.com/analytics/509675/state-of-social-connections.aspx#ite-513272
Belgium,78,77,79,13,13,13,0,2022-2023,Meta-Gallup Global State of Social Connections,https://www.gallup.com/analytics/509675/state-of-social-connections.aspx#ite-513272
Benin,49,51,47,31,30,32,2,2022-2023,Meta-Gallup Global State of Social Connections,https://www.gallup.com/analytics/509675/state-of-social-connections.aspx#ite-513272
Bolivia,55,57,52,31,31,29,-2,2022-2023,Meta-Gallup Global State of Social Connections,https://www.gallup.com/analytics/509675/state-of-social-connections.aspx#ite-513272
Bosnia and Herzegovina,87,90,84,14,13,16,3,2022-2023,Meta-Gallup Global State of Social Connections,https://www.gallup.com/analytics/509675/state-of-social-connections.aspx#ite-513272
Botswana,77,78,76,50,53,48,-5,2022-2023,Meta-Gallup Global State of Social Connections,https://www.gallup.com/analytics/509675/state-of-social-connections.aspx#ite-513272
Brazil,55,59,52,15,16,14,-2,2022-2023,Meta-Gallup Global State of Social Connections,https://www.gallup.com/analytics/509675/state-of-social-connections.aspx#ite-513272
Bulgaria,83,82,83,24,21,27,6,2022-2023,Meta-Gallup Global State of Social Connections,https://www.gallup.com/analytics/509675/state-of-social-connections.aspx#ite-513272
Cambodia,66,65,67,27,25,30,5,2022-2023,Meta-Gallup Global State of Social Connections,https://www.gallup.com/analytics/509675/state-of-social-connections.aspx#ite-513272
Cameroon,58,55,60,22,24,21,-3,2022-2023,Meta-Gallup Global State of Social Connections,https://www.gallup.com/analytics/509675/state-of-social-connections.aspx#ite-513272
Canada,79,76,81,15,13,16,3,2022-2023,Meta-Gallup Global State of Social Connections,https://www.gallup.com/analytics/509675/state-of-social-connections.aspx#ite-513272
Chad,66,68,65,40,35,44,9,2022-2023,Meta-Gallup Global State of Social Connections,https://www.gallup.com/analytics/509675/state-of-social-connections.aspx#ite-513272
Chile,78,81,75,30,32,28,-4,2022-2023,Meta-Gallup Global State of Social Connections,https://www.gallup.com/analytics/509675/state-of-social-connections.aspx#ite-513272
Colombia,66,69,63,24,23,25,2,2022-2023,Meta-Gallup Global State of Social Connections,https://www.gallup.com/analytics/509675/state-of-social-connections.aspx#ite-513272
Comoros,64,68,60,40,43,38,-5,2022-2023,Meta-Gallup Global State of Social Connections,https://www.gallup.com/analytics/509675/state-of-social-connections.aspx#ite-513272
Costa Rica,73,73,72,22,23,22,-1,2022-2023,Meta-Gallup Global State of Social Connections,https://www.gallup.com/analytics/509675/state-of-social-connections.aspx#ite-513272
Croatia,75,73,78,18,19,17,-2,2022-2023,Meta-Gallup Global State of Social Connections,https://www.gallup.com/analytics/509675/state-of-social-connections.aspx#ite-513272
Cyprus,86,89,83,21,17,26,9,2022-2023,Meta-Gallup Global State of Social Connections,https://www.gallup.com/analytics/509675/state-of-social-connections.aspx#ite-513272
Czech Republic,85,83,87,11,12,11,-1,2022-2023,Meta-Gallup Global State of Social Connections,https://www.gallup.com/analytics/509675/state-of-social-connections.aspx#ite-513272
Côte d'Ivoire,63,69,58,24,25,23,-2,2022-2023,Meta-Gallup Global State of Social Connections,https://www.gallup.com/analytics/509675/state-of-social-connections.aspx#ite-513272
Democratic Republic of Congo,62,62,62,21,20,21,1,2022-2023,Meta-Gallup Global State of Social Connections,https://www.gallup.com/analytics/509675/state-of-social-connections.aspx#ite-513272
Denmark,86,85,87,7,7,8,1,2022-2023,Meta-Gallup Global State of Social Connections,https://www.gallup.com/analytics/509675/state-of-social-connections.aspx#ite-513272
Dominican Republic,47,47,48,17,15,18,3,2022-2023,Meta-Gallup Global State of Social Connections,https://www.gallup.com/analytics/509675/state-of-social-connections.aspx#ite-513272
Ecuador,59,65,53,23,20,26,6,2022-2023,Meta-Gallup Global State of Social Connections,https://www.gallup.com/analytics/509675/state-of-social-connections.aspx#ite-513272
Egypt,88,87,88,22,20,24,4,2022-2023,Meta-Gallup Global State of Social Connections,https://www.gallup.com/analytics/509675/state-of-social-connections.aspx#ite-513272
El Salvador,62,69,57,21,22,21,-1,2022-2023,Meta-Gallup Global State of Social Connections,https://www.gallup.com/analytics/509675/state-of-social-connections.aspx#ite-513272
Estonia,79,75,83,10,11,9,-2,2022-2023,Meta-Gallup Global State of Social Connections,https://www.gallup.com/analytics/509675/state-of-social-connections.aspx#ite-513272
Eswatini,74,74,74,38,42,35,-7,2022-2023,Meta-Gallup Global State of Social Connections,https://www.gallup.com/analytics/509675/state-of-social-connections.aspx#ite-513272
Ethiopia,84,84,84,36,35,36,1,2022-2023,Meta-Gallup Global State of Social Connections,https://www.gallup.com/analytics/509675/state-of-social-connections.aspx#ite-513272
Finland,81,76,85,7,8,7,-1,2022-2023,Meta-Gallup Global State of Social Connections,https://www.gallup.com/analytics/509675/state-of-social-connections.aspx#ite-513272
France,81,80,82,20,20,20,0,2022-2023,Meta-Gallup Global State of Social Connections,https://www.gallup.com/analytics/509675/state-of-social-connections.aspx#ite-513272
Gabon,56,62,50,22,23,20,-3,2022-2023,Meta-Gallup Global State of Social Connections,https://www.gallup.com/analytics/509675/state-of-social-connections.aspx#ite-513272
Georgia,72,72,71,9,9,10,1,2022-2023,Meta-Gallup Global State of Social Connections,https://www.gallup.com/analytics/509675/state-of-social-connections.aspx#ite-513272
Germany,84,84,84,6,6,5,-1,2022-2023,Meta-Gallup Global State of Social Connections,https://www.gallup.com/analytics/509675/state-of-social-connections.aspx#ite-513272
Ghana,78,78,78,37,36,38,2,2022-2023,Meta-Gallup Global State of Social Connections,https://www.gallup.com/analytics/509675/state-of-social-connections.aspx#ite-513272
Greece,87,85,90,11,10,12,2,2022-2023,Meta-Gallup Global State of Social Connections,https://www.gallup.com/analytics/509675/state-of-social-connections.aspx#ite-513272
Guatemala,57,64,50,25,29,22,-7,2022-2023,Meta-Gallup Global State of Social Connections,https://www.gallup.com/analytics/509675/state-of-social-connections.aspx#ite-513272
Guinea,69,71,66,27,24,31,7,2022-2023,Meta-Gallup Global State of Social Connections,https://www.gallup.com/analytics/509675/state-of-social-connections.aspx#ite-513272
Honduras,62,65,60,21,22,19,-3,2022-2023,Meta-Gallup Global State of Social Connections,https://www.gallup.com/analytics/509675/state-of-social-connections.aspx#ite-513272
Hong Kong (S.A.R. of China),53,50,57,9,12,6,-6,2022-2023,Meta-Gallup Global State of Social Connections,https://www.gallup.com/analytics/509675/state-of-social-connections.aspx#ite-513272
Hungary,86,84,87,18,17,19,2,2022-2023,Meta-Gallup Global State of Social Connections,https://www.gallup.com/analytics/509675/state-of-social-connections.aspx#ite-513272
Iceland,89,89,90,9,7,11,4,2022-2023,Meta-Gallup Global State of Social Connections,https://www.gallup.com/analytics/509675/state-of-social-connections.aspx#ite-513272
India,65,66,64,30,31,28,-3,2022-2023,Meta-Gallup Global State of Social Connections,https://www.gallup.com/analytics/509675/state-of-social-connections.aspx#ite-513272
Indonesia,77,76,79,9,9,9,0,2022-2023,Meta-Gallup Global State of Social Connections,https://www.gallup.com/analytics/509675/state-of-social-connections.aspx#ite-513272
Iran,76,75,77,33,34,32,-2,2022-2023,Meta-Gallup Global State of Social Connections,https://www.gallup.com/analytics/509675/state-of-social-connections.aspx#ite-513272
Iraq,73,69,76,36,31,40,9,2022-2023,Meta-Gallup Global State of Social Connections,https://www.gallup.com/analytics/509675/state-of-social-connections.aspx#ite-513272
Ireland,82,82,83,13,13,12,-1,2022-2023,Meta-Gallup Global State of Social Connections,https://www.gallup.com/analytics/509675/state-of-social-connections.aspx#ite-513272
Israel,89,87,90,13,12,14,2,2022-2023,Meta-Gallup Global State of Social Connections,https://www.gallup.com/analytics/509675/state-of-social-connections.aspx#ite-513272
Italy,80,78,82,17,17,17,0,2022-2023,Meta-Gallup Global State of Social Connections,https://www.gallup.com/analytics/509675/state-of-social-connections.aspx#ite-513272
Jamaica,63,62,64,22,27,17,-10,2022-2023,Meta-Gallup Global State of Social Connections,https://www.gallup.com/analytics/509675/state-of-social-connections.aspx#ite-513272
Japan,89,88,90,17,19,16,-3,2022-2023,Meta-Gallup Global State of Social Connections,https://www.gallup.com/analytics/509675/state-of-social-connections.aspx#ite-513272
Jordan,66,62,70,26,23,29,6,2022-2023,Meta-Gallup Global State of Social Connections,https://www.gallup.com/analytics/509675/state-of-social-connections.aspx#ite-513272
Kazakhstan,71,70,71,10,10,10,0,2022-2023,Meta-Gallup Global State of Social Connections,https://www.gallup.com/analytics/509675/state-of-social-connections.aspx#ite-513272
Kenya,76,77,75,47,46,48,2,2022-2023,Meta-Gallup Global State of Social Connections,https://www.gallup.com/analytics/509675/state-of-social-connections.aspx#ite-513272
Kosovo,93,93,94,24,25,23,-2,2022-2023,Meta-Gallup Global State of Social Connections,https://www.gallup.com/analytics/509675/state-of-social-connections.aspx#ite-513272
Kuwait,69,69,67,31,37,20,-17,2022-2023,Meta-Gallup Global State of Social Connections,https://www.gallup.com/analytics/509675/state-of-social-connections.aspx#ite-513272
Kyrgyzstan,80,85,76,8,6,9,3,2022-2023,Meta-Gallup Global State of Social Connections,https://www.gallup.com/analytics/509675/state-of-social-connections.aspx#ite-513272
Lao People's Democratic Republic,56,57,54,19,18,21,3,2022-2023,Meta-Gallup Global State of Social Connections,https://www.gallup.com/analytics/509675/state-of-social-connections.aspx#ite-513272
Latvia,69,70,69,7,6,7,1,2022-2023,Meta-Gallup Global State of Social Connections,https://www.gallup.com/analytics/509675/state-of-social-connections.aspx#ite-513272
Lebanon,77,75,80,23,19,26,7,2022-2023,Meta-Gallup Global State of Social Connections,https://www.gallup.com/analytics/509675/state-of-social-connections.aspx#ite-513272
Lesotho,75,77,72,58,62,55,-7,2022-2023,Meta-Gallup Global State of Social Connections,https://www.gallup.com/analytics/509675/state-of-social-connections.aspx#ite-513272
Liberia,69,66,73,45,39,50,11,2022-2023,Meta-Gallup Global State of Social Connections,https://www.gallup.com/analytics/509675/state-of-social-connections.aspx#ite-513272
Libya,65,61,69,26,29,24,-5,2022-2023,Meta-Gallup Global State of Social Connections,https://www.gallup.com/analytics/509675/state-of-social-connections.aspx#ite-513272
Lithuania,68,66,70,13,11,14,3,2022-2023,Meta-Gallup Global State of Social Connections,https://www.gallup.com/analytics/509675/state-of-social-connections.aspx#ite-513272
Luxembourg,76,78,74,11,9,13,4,2022-2023,Meta-Gallup Global State of Social Connections,https://www.gallup.com/analytics/509675/state-of-social-connections.aspx#ite-513272
Madagascar,50,50,51,46,47,45,-2,2022-2023,Meta-Gallup Global State of Social Connections,https://www.gallup.com/analytics/509675/state-of-social-connections.aspx#ite-513272
Malawi,51,51,50,42,43,41,-2,2022-2023,Meta-Gallup Global State of Social Connections,https://www.gallup.com/analytics/509675/state-of-social-connections.aspx#ite-513272
Malaysia,64,67,62,14,16,13,-3,2022-2023,Meta-Gallup Global State of Social Connections,https://www.gallup.com/analytics/509675/state-of-social-connections.aspx#ite-513272
Mali,68,69,66,20,20,20,0,2022-2023,Meta-Gallup Global State of Social Connections,https://www.gallup.com/analytics/509675/state-of-social-connections.aspx#ite-513272
Malta,72,71,74,11,9,13,4,2022-2023,Meta-Gallup Global State of Social Connections,https://www.gallup.com/analytics/509675/state-of-social-connections.aspx#ite-513272
Mauritania,69,69,70,42,45,40,-5,2022-2023,Meta-Gallup Global State of Social Connections,https://www.gallup.com/analytics/509675/state-of-social-connections.aspx#ite-513272
Mauritius,79,81,77,14,15,14,-1,2022-2023,Meta-Gallup Global State of Social Connections,https://www.gallup.com/analytics/509675/state-of-social-connections.aspx#ite-513272
Mexico,70,69,70,18,19,17,-2,2022-2023,Meta-Gallup Global State of Social Connections,https://www.gallup.com/analytics/509675/state-of-social-connections.aspx#ite-513272
Mongolia,95,96,94,8,7,9,2,2022-2023,Meta-Gallup Global State of Social Connections,https://www.gallup.com/analytics/509675/state-of-social-connections.aspx#ite-513272
Montenegro,85,86,85,30,29,31,2,2022-2023,Meta-Gallup Global State of Social Connections,https://www.gallup.com/analytics/509675/state-of-social-connections.aspx#ite-513272
Morocco,49,49,48,22,21,23,2,2022-2023,Meta-Gallup Global State of Social Connections,https://www.gallup.com/analytics/509675/state-of-social-connections.aspx#ite-513272
Mozambique,56,54,58,24,26,23,-3,2022-2023,Meta-Gallup Global State of Social Connections,https://www.gallup.com/analytics/509675/state-of-social-connections.aspx#ite-513272
Myanmar,70,71,70,21,26,16,-10,2022-2023,Meta-Gallup Global State of Social Connections,https://www.gallup.com/analytics/509675/state-of-social-connections.aspx#ite-513272
Namibia,67,68,65,47,48,47,-1,2022-2023,Meta-Gallup Global State of Social Connections,https://www.gallup.com/analytics/509675/state-of-social-connections.aspx#ite-513272
Nepal,84,85,83,43,40,46,6,2022-2023,Meta-Gallup Global State of Social Connections,https://www.gallup.com/analytics/509675/state-of-social-connections.aspx#ite-513272
Netherlands,88,85,92,8,8,8,0,2022-2023,Meta-Gallup Global State of Social Connections,https://www.gallup.com/analytics/509675/state-of-social-connections.aspx#ite-513272
New Zealand,79,74,84,12,12,12,0,2022-2023,Meta-Gallup Global State of Social Connections,https://www.gallup.com/analytics/509675/state-of-social-connections.aspx#ite-513272
Nicaragua,52,55,49,19,17,20,3,2022-2023,Meta-Gallup Global State of Social Connections,https://www.gallup.com/analytics/509675/state-of-social-connections.aspx#ite-513272
Niger,82,83,81,43,40,46,6,2022-2023,Meta-Gallup Global State of Social Connections,https://www.gallup.com/analytics/509675/state-of-social-connections.aspx#ite-513272
Nigeria,85,84,86,27,26,27,1,2022-2023,Meta-Gallup Global State of Social Connections,https://www.gallup.com/analytics/509675/state-of-social-connections.aspx#ite-513272
North Macedonia,81,80,81,20,17,23,6,2022-2023,Meta-Gallup Global State of Social Connections,https://www.gallup.com/analytics/509675/state-of-social-connections.aspx#ite-513272
Northern Cyprus,48,48,47,17,17,17,0,2022-2023,Meta-Gallup Global State of Social Connections,https://www.gallup.com/analytics/509675/state-of-social-connections.aspx#ite-513272
Norway,85,80,89,8,8,8,0,2022-2023,Meta-Gallup Global State of Social Connections,https://www.gallup.com/analytics/509675/state-of-social-connections.aspx#ite-513272
Pakistan,68,70,66,41,44,38,-6,2022-2023,Meta-Gallup Global State of Social Connections,https://www.gallup.com/analytics/509675/state-of-social-connections.aspx#ite-513272
Palestinian Territories,70,68,73,23,20,26,6,2022-2023,Meta-Gallup Global State of Social Connections,https://www.gallup.com/analytics/509675/state-of-social-connections.aspx#ite-513272
Panama,59,59,59,19,18,20,2,2022-2023,Meta-Gallup Global State of Social Connections,https://www.gallup.com/analytics/509675/state-of-social-connections.aspx#ite-513272
Paraguay,63,65,61,23,24,23,-1,2022-2023,Meta-Gallup Global State of Social Connections,https://www.gallup.com/analytics/509675/state-of-social-connections.aspx#ite-513272
Peru,61,65,57,24,25,24,-1,2022-2023,Meta-Gallup Global State of Social Connections,https://www.gallup.com/analytics/509675/state-of-social-connections.aspx#ite-513272
Philippines,80,79,81,57,59,56,-3,2022-2023,Meta-Gallup Global State of Social Connections,https://www.gallup.com/analytics/509675/state-of-social-connections.aspx#ite-513272
Poland,75,72,77,11,10,12,2,2022-2023,Meta-Gallup Global State of Social Connections,https://www.gallup.com/analytics/509675/state-of-social-connections.aspx#ite-513272
Portugal,83,83,84,17,14,20,6,2022-2023,Meta-Gallup Global State of Social Connections,https://www.gallup.com/analytics/509675/state-of-social-connections.aspx#ite-513272
Puerto Rico,75,73,77,19,17,21,4,2022-2023,Meta-Gallup Global State of Social Connections,https://www.gallup.com/analytics/509675/state-of-social-connections.aspx#ite-513272
Republic of Moldova,63,68,58,18,16,20,4,2022-2023,Meta-Gallup Global State of Social Connections,https://www.gallup.com/analytics/509675/state-of-social-connections.aspx#ite-513272
Romania,80,86,75,19,16,22,6,2022-2023,Meta-Gallup Global State of Social Connections,https://www.gallup.com/analytics/509675/state-of-social-connections.aspx#ite-513272
Russian Federation,68,65,70,8,8,8,0,2022-2023,Meta-Gallup Global State of Social Connections,https://www.gallup.com/analytics/509675/state-of-social-connections.aspx#ite-513272
Saudi Arabia,65,64,65,22,24,20,-4,2022-2023,Meta-Gallup Global State of Social Connections,https://www.gallup.com/analytics/509675/state-of-social-connections.aspx#ite-513272
Senegal,84,85,83,41,41,40,-1,2022-2023,Meta-Gallup Global State of Social Connections,https://www.gallup.com/analytics/509675/state-of-social-connections.aspx#ite-513272
Serbia,84,82,85,24,20,27,7,2022-2023,Meta-Gallup Global State of Social Connections,https://www.gallup.com/analytics/509675/state-of-social-connections.aspx#ite-513272
Sierra Leone,69,74,64,41,41,41,0,2022-2023,Meta-Gallup Global State of Social Connections,https://www.gallup.com/analytics/509675/state-of-social-connections.aspx#ite-513272
Singapore,73,74,73,14,13,15,2,2022-2023,Meta-Gallup Global State of Social Connections,https://www.gallup.com/analytics/509675/state-of-social-connections.aspx#ite-513272
Slovakia,75,73,77,9,8,9,1,2022-2023,Meta-Gallup Global State of Social Connections,https://www.gallup.com/analytics/509675/state-of-social-connections.aspx#ite-513272
Slovenia,91,90,92,6,7,4,-3,2022-2023,Meta-Gallup Global State of Social Connections,https://www.gallup.com/analytics/509675/state-of-social-connections.aspx#ite-513272
South Africa,81,84,78,39,38,39,1,2022-2023,Meta-Gallup Global State of Social Connections,https://www.gallup.com/analytics/509675/state-of-social-connections.aspx#ite-513272
South Korea,72,70,75,16,15,17,2,2022-2023,Meta-Gallup Global State of Social Connections,https://www.gallup.com/analytics/509675/state-of-social-connections.aspx#ite-513272
Spain,72,70,74,12,11,12,1,2022-2023,Meta-Gallup Global State of Social Connections,https://www.gallup.com/analytics/509675/state-of-social-connections.aspx#ite-513272
Sri Lanka,81,85,77,29,28,29,1,2022-2023,Meta-Gallup Global State of Social Connections,https://www.gallup.com/analytics/509675/state-of-social-connections.aspx#ite-513272
Sweden,90,88,93,8,8,8,0,2022-2023,Meta-Gallup Global State of Social Connections,https://www.gallup.com/analytics/509675/state-of-social-connections.aspx#ite-513272
Switzerland,83,81,86,13,16,11,-5,2022-2023,Meta-Gallup Global State of Social Connections,https://www.gallup.com/analytics/509675/state-of-social-connections.aspx#ite-513272
"Taiwan, Province of China",92,92,92,17,16,17,1,2022-2023,Meta-Gallup Global State of Social Connections,https://www.gallup.com/analytics/509675/state-of-social-connections.aspx#ite-513272
Tajikistan,83,84,81,26,25,28,3,2022-2023,Meta-Gallup Global State of Social Connections,https://www.gallup.com/analytics/509675/state-of-social-connections.aspx#ite-513272
Tanzania,83,84,82,36,37,35,-2,2022-2023,Meta-Gallup Global State of Social Connections,https://www.gallup.com/analytics/509675/state-of-social-connections.aspx#ite-513272
Thailand,64,70,58,10,10,10,0,2022-2023,Meta-Gallup Global State of Social Connections,https://www.gallup.com/analytics/509675/state-of-social-connections.aspx#ite-513272
The Gambia,83,85,81,47,43,50,7,2022-2023,Meta-Gallup Global State of Social Connections,https://www.gallup.com/analytics/509675/state-of-social-connections.aspx#ite-513272
The Republic of the Congo,50,57,42,25,27,24,-3,2022-2023,Meta-Gallup Global State of Social Connections,https://www.gallup.com/analytics/509675/state-of-social-connections.aspx#ite-513272
Togo,61,63,59,28,32,24,-8,2022-2023,Meta-Gallup Global State of Social Connections,https://www.gallup.com/analytics/509675/state-of-social-connections.aspx#ite-513272
Tunisia,60,53,66,24,25,23,-2,2022-2023,Meta-Gallup Global State of Social Connections,https://www.gallup.com/analytics/509675/state-of-social-connections.aspx#ite-513272
Türkiye,54,55,53,16,15,16,1,2022-2023,Meta-Gallup Global State of Social Connections,https://www.gallup.com/analytics/509675/state-of-social-connections.aspx#ite-513272
Uganda,79,80,79,53,53,53,0,2022-2023,Meta-Gallup Global State of Social Connections,https://www.gallup.com/analytics/509675/state-of-social-connections.aspx#ite-513272
Ukraine,80,80,80,6,7,6,-1,2022-2023,Meta-Gallup Global State of Social Connections,https://www.gallup.com/analytics/509675/state-of-social-connections.aspx#ite-513272
United Arab Emirates,61,59,66,28,30,24,-6,2022-2023,Meta-Gallup Global State of Social Connections,https://www.gallup.com/analytics/509675/state-of-social-connections.aspx#ite-513272
United Kingdom of Great Britain and Northern Ireland,85,87,84,13,13,14,1,2022-2023,Meta-Gallup Global State of Social Connections,https://www.gallup.com/analytics/509675/state-of-social-connections.aspx#ite-513272
United States of America,78,77,78,15,12,18,6,2022-2023,Meta-Gallup Global State of Social Connections,https://www.gallup.com/analytics/509675/state-of-social-connections.aspx#ite-513272
Uruguay,79,80,79,25,23,26,3,2022-2023,Meta-Gallup Global State of Social Connections,https://www.gallup.com/analytics/509675/state-of-social-connections.aspx#ite-513272
Uzbekistan,82,84,81,8,5,9,4,2022-2023,Meta-Gallup Global State of Social Connections,https://www.gallup.com/analytics/509675/state-of-social-connections.aspx#ite-513272
Venezuela,68,69,67,21,22,21,-1,2022-2023,Meta-Gallup Global State of Social Connections,https://www.gallup.com/analytics/509675/state-of-social-connections.aspx#ite-513272
Vietnam,86,87,85,5,4,5,1,2022-2023,Meta-Gallup Global State of Social Connections,https://www.gallup.com/analytics/509675/state-of-social-connections.aspx#ite-513272
Yemen,69,66,72,19,20,18,-2,2022-2023,Meta-Gallup Global State of Social Connections,https://www.gallup.com/analytics/509675/state-of-social-connections.aspx#ite-513272
Zambia,76,75,76,32,33,32,-1,2022-2023,Meta-Gallup Global State of Social Connections,https://www.gallup.com/analytics/509675/state-of-social-connections.aspx#ite-513272
Zimbabwe,79,81,78,44,43,44,1,2022-2023,Meta-Gallup Global State of Social Connections,https://www.gallup.com/analytics/509675/state-of-social-connections.aspx#ite-513272
